Time(s),Fret_Current(mA),Fret_Voltage(V),Damper_Current(mA),Damper_Voltage(V),Pick_Current(mA),Pick_Voltage(V)
0.003,,,,,,
0.021,1.25,10.11375,-1.25,10.96,0.0,0.0
0.039,1.25,10.11375,-1.25,10.96,0.0,0.0
0.052,1.25,10.11,-3.75,10.8375,0.0,0.0
0.063,1.25,10.11375,0.0,10.455,0.0,0.0
0.073,1.25,10.1225,676.25,10.33125,0.0,0.0
0.083,0.0,10.11625,676.25,10.33125,0.0,0.0
0.093,0.0,10.120000000000001,3961.25,9.985,0.0,0.0
0.104,0.0,10.1175,4101.25,10.071250000000001,0.0,0.0
0.114,0.0,10.1175,3870.0,10.06,0.0,0.0
0.124,0.0,10.11,4081.25,10.01375,0.0,0.0
0.135,0.0,10.11375,4163.75,10.012500000000001,0.0,0.0
0.145,1.25,10.11375,4163.75,10.012500000000001,0.0,0.0
0.155,2.5,10.1125,4031.25,10.00125,0.0,0.0
0.165,0.0,10.115,4297.5,9.99125,0.0,0.0
0.176,0.0,10.115,4341.25,9.86625,0.0,0.0
0.186,1.25,10.1175,4255.0,9.975,0.0,0.0
0.196,5.0,10.12125,3971.25,9.977500000000001,0.0,0.0
0.207,1.25,10.106250000000001,4401.25,9.87125,0.0,0.0
0.217,1.25,9.82875,4197.5,9.9625,1.25,0.0
0.227,3428.75,9.2325,4382.5,10.46875,1.25,0.0
0.237,3848.75,9.23875,4375.0,10.24875,1.25,0.0
0.248,3470.0,9.19,4380.0,10.09375,1.25,0.0
0.258,3470.0,9.19,4361.25,9.9425,1.25,0.0
0.268,3885.0,9.1575,4376.25,9.9875,1.25,0.0
0.279,4105.0,9.14875,4377.5,10.012500000000001,1.25,0.0
0.290,4141.25,9.13875,4396.25,10.227500000000001,1.25,0.0
0.300,4145.0,9.13125,4121.25,9.89875,1.25,0.0
0.310,4145.0,9.13125,4335.0,9.9675,1.25,0.0
0.320,3880.0,9.14,4335.0,9.9675,0.0,0.0025
0.331,4140.0,9.14875,4411.25,10.37125,0.0,0.0025
0.341,4137.5,9.14375,-1.25,10.96875,0.0,0.0025
0.351,4101.25,9.14,0.0,10.92625,0.0,0.0025
0.362,4101.25,9.14,1.25,10.981250000000001,-1.25,0.00125
0.372,4135.0,9.14375,27.5,10.96125,-1.25,0.00125
0.383,4141.25,9.14375,-16.25,10.8675,-1.25,0.00125
0.393,4131.25,9.14875,0.0,10.56,-1.25,0.00125
0.403,4081.25,9.15375,0.0,10.4275,-1.25,0.00125
0.413,4081.25,9.15375,-5.0,10.97625,-1.25,0.0
0.424,4153.75,9.145,6.25,10.96,-1.25,0.0
0.434,4157.5,9.137500000000001,-1.25,10.835,-1.25,0.0
0.444,4135.0,9.14,0.0,10.61,-1.25,0.0
0.454,4148.75,9.1425,0.0,10.445,-1.25,0.0
0.465,4148.75,9.1425,-6.25,10.92875,0.0,0.0
0.475,4146.25,9.137500000000001,-1.25,10.87375,0.0,0.0
0.485,4137.5,9.1325,1.25,11.055,0.0,0.0
0.495,4091.25,9.14125,0.0,10.65375,0.0,0.0
0.506,4091.25,9.14125,0.0,10.39375,0.0,0.0
0.516,4145.0,9.135,0.0,11.00375,0.0,0.0
0.526,4132.5,9.14125,1.25,10.945,0.0,0.0
0.537,4055.0,9.13125,-6.25,10.945,0.0,0.0
0.547,4126.25,9.1425,-1.25,10.682500000000001,0.0,0.0
0.557,4146.25,9.1475,10.0,10.48875,0.0,0.0
0.568,4146.25,9.1475,-1.25,11.1125,1.25,0.0
0.578,4130.0,9.145,1.25,10.925,1.25,0.0
0.588,4150.0,9.14375,1.25,10.9675,1.25,0.0
0.598,4143.75,9.14375,-2.5,10.727500000000001,1.25,0.0
0.609,4138.75,9.135,8.75,10.59125,1.25,0.0
0.619,4138.75,9.135,-1.25,10.95875,0.0,0.0
0.629,4056.25,9.151250000000001,-2.5,10.92875,0.0,0.0
0.640,4152.5,9.145,-1.25,10.835,0.0,0.0
0.650,4146.25,9.12875,-5.0,10.72375,0.0,0.0
0.660,4142.5,9.13625,-12.5,10.49875,0.0,0.0
0.670,4081.25,9.137500000000001,0.0,10.96625,1.25,0.0
0.681,4053.75,9.145,-1.25,10.9575,1.25,0.0
0.691,4145.0,9.13625,-143.75,10.8825,1.25,0.0
0.701,4153.75,9.1425,-13.75,10.59875,1.25,0.0
0.711,4136.25,9.145,-1.25,10.685,-1.25,0.00125
0.722,4125.0,9.13125,-1.25,10.9725,-1.25,0.00125
0.732,4073.75,9.14375,-17.5,10.86625,-1.25,0.00125
0.742,4136.25,9.14375,-2.5,10.81625,-1.25,0.00125
0.752,4142.5,9.151250000000001,-2.5,10.81625,-1.25,0.00125
0.763,4138.75,9.137500000000001,1.25,10.60875,-1.25,0.00125
0.773,4163.75,9.137500000000001,-31.25,10.96875,-1.25,0.0
0.784,4128.75,9.13875,2.5,10.9725,-1.25,0.0
0.794,4147.5,9.151250000000001,-171.25,11.008750000000001,-1.25,0.0
0.805,4132.5,9.145,0.0,10.61,-1.25,0.0
0.815,4105.0,9.14375,0.0,10.61,0.0,0.0
0.825,4143.75,9.1275,3.75,10.97,0.0,0.0
0.836,4140.0,9.135,26.25,10.96125,0.0,0.0
0.846,4141.25,9.14875,0.0,10.9075,0.0,0.0
0.856,4142.5,9.1425,0.0,10.61,0.0,0.0
0.867,4137.5,9.145,0.0,10.61,-1.25,0.00125
0.877,4146.25,9.14125,15.0,10.9425,-1.25,0.00125
0.887,4138.75,9.1325,10.0,10.9575,-1.25,0.00125
0.898,4147.5,9.1425,0.0,10.92625,-1.25,0.00125
0.908,4143.75,9.13875,-1.25,10.58,-1.25,0.00125
0.918,4140.0,9.1325,-1.25,10.58,-1.25,0.0
0.928,4148.75,9.137500000000001,1.25,10.76,-1.25,0.0
0.939,4142.5,9.1325,-1.25,10.61375,-1.25,0.0
0.949,4137.5,9.137500000000001,3553.75,10.16375,-1.25,0.0
0.960,4023.75,9.13625,3977.5,9.91,-1.25,0.0
0.970,4143.75,9.1425,3333.75,10.11875,-1.25,0.0
0.980,4137.5,9.13875,3481.25,10.08375,-1.25,0.0
0.991,4141.25,9.125,4096.25,10.04625,-1.25,0.0
1.001,3863.75,9.12375,4133.75,10.026250000000001,-1.25,0.0
1.011,3962.5,9.14,4297.5,9.8325,-1.25,0.0
1.022,4131.25,9.13625,4297.5,9.8325,0.0,0.0
1.032,4138.75,9.11375,4362.5,9.97375,0.0,0.0
1.042,4138.75,9.11375,4368.75,9.485,0.0,0.0
1.053,4145.0,9.13625,4368.75,9.485,0.0,0.0
1.063,4135.0,9.1325,3588.75,9.981250000000001,0.0,0.0
1.073,4135.0,9.1325,4383.75,9.9525,-1.25,0.005
1.084,4140.0,9.13125,2928.75,9.95875,-1.25,0.005
1.094,4141.25,9.120000000000001,4426.25,9.96875,-1.25,0.005
1.104,4132.5,9.151250000000001,4388.75,9.9675,-1.25,0.005
1.115,3961.25,9.13125,4388.75,9.9675,0.0,0.0
1.125,4068.75,9.13,4410.0,9.91,0.0,0.0
1.135,4113.75,9.1325,3798.75,9.69375,0.0,0.0
1.145,4137.5,9.10875,4368.75,9.95875,0.0,0.0
1.156,4036.25,9.1275,4376.25,9.963750000000001,0.0,0.0
1.166,4107.5,9.14125,4376.25,9.963750000000001,-1.25,0.00125
1.176,4136.25,9.1425,3092.5,9.96875,-1.25,0.00125
1.187,4137.5,9.13125,3092.5,9.96875,-1.25,0.00125
1.197,4002.5,9.13625,4400.0,9.92375,-1.25,0.00125
1.208,4097.5,9.12375,-1.25,10.9675,-1.25,0.00125
1.218,4026.25,9.137500000000001,-1.25,10.9675,0.0,0.0
1.228,4140.0,9.1275,1.25,10.9575,0.0,0.0
1.239,4136.25,9.125,-12.5,10.96,0.0,0.0
1.249,4122.5,9.13875,-1.25,10.762500000000001,0.0,0.0
1.260,4138.75,9.13875,0.0,10.42,0.0,0.0
1.270,4126.25,9.13625,0.0,10.42,-1.25,0.0025
1.280,4132.5,9.12875,-8.75,10.963750000000001,-1.25,0.0025
1.290,4137.5,9.12125,-1.25,10.9625,-1.25,0.0025
1.301,4135.0,9.135,-1.25,10.6075,-1.25,0.0025
1.311,4135.0,9.135,-1.25,10.53375,-1.25,0.0025
1.321,4133.75,9.13125,-1.25,10.53375,0.0,0.0
1.332,4137.5,9.137500000000001,1.25,10.98375,0.0,0.0
1.342,4135.0,9.12875,1.25,10.965,0.0,0.0
1.352,4042.5,9.12875,-2.5,10.8725,0.0,0.0
1.362,4042.5,9.12875,-1.25,10.565,0.0,0.0
1.373,4150.0,9.13875,0.0,10.97875,-1.25,0.00125
1.383,4131.25,9.137500000000001,-1.25,11.045,-1.25,0.00125
1.393,4147.5,9.12875,1.25,10.965,-1.25,0.00125
1.404,4132.5,9.14375,-2.5,10.81875,-1.25,0.00125
1.414,4132.5,9.14375,-7.5,10.60375,-1.25,0.00125
1.424,4141.25,9.1325,0.0,10.975,-1.25,0.0
1.434,4138.75,9.133750000000001,0.0,10.94125,-1.25,0.0
1.445,4063.75,9.133750000000001,0.0,10.95625,-1.25,0.0
1.455,4155.0,9.125,5.0,10.69125,-1.25,0.0
1.465,4155.0,9.125,7.5,10.67625,-1.25,0.0
1.476,4138.75,9.1275,0.0,10.96,1.25,0.00125
1.486,4092.5,9.1225,0.0,10.44,1.25,0.00125
1.496,4062.5,9.125,1.25,10.9,1.25,0.00125
1.507,4143.75,9.1225,2.5,11.05875,1.25,0.00125
1.517,4140.0,9.13125,0.0,10.715,-1.25,0.0
1.527,4117.5,9.14,-1.25,10.5025,-1.25,0.0
1.537,4158.75,9.13625,-1.25,11.01625,-1.25,0.0
1.548,4142.5,9.12875,0.0,10.97125,-1.25,0.0
1.558,4122.5,9.120000000000001,16.25,10.96125,-1.25,0.0
1.568,4122.5,9.120000000000001,6.25,10.7225,0.0,0.0
1.578,4132.5,9.13125,0.0,10.395,0.0,0.0
1.589,4098.75,9.13,2.5,10.84125,0.0,0.0
1.599,4133.75,9.13125,-2.5,11.00375,0.0,0.0
1.610,4132.5,9.12875,1.25,11.0175,0.0,0.0
1.620,4110.0,9.125,-13.75,10.80875,0.0,0.0025
1.630,4117.5,9.1275,-1.25,10.50375,0.0,0.0025
1.641,4140.0,9.133750000000001,16.25,10.99125,0.0,0.0025
1.651,4127.5,9.1225,-7.5,10.9175,0.0,0.0025
1.661,4123.75,9.1325,-151.25,10.950000000000001,0.0,0.0025
1.671,4126.25,9.1325,0.0,10.51625,0.0,0.00375
1.682,4123.75,9.1275,-2.5,10.48875,0.0,0.00375
1.692,4136.25,9.125,1.25,10.985,0.0,0.00375
1.702,4141.25,9.12625,11.25,10.96,0.0,0.00375
1.713,4131.25,9.14625,11.25,10.96,0.0,0.00375
1.723,4133.75,9.12625,0.0,10.8325,-1.25,0.00125
1.733,4077.5,9.13125,-1.25,10.57375,-1.25,0.00125
1.743,4136.25,9.1275,-20.0,10.935,-1.25,0.00125
1.754,4138.75,9.13,-20.0,10.935,-1.25,0.00125
1.764,4125.0,9.13,0.0,10.96875,0.0,0.0
1.774,4151.25,9.13125,5.0,10.901250000000001,0.0,0.0
1.784,4131.25,9.1225,-8.75,10.42125,0.0,0.0
1.795,4106.25,9.133750000000001,-8.75,10.42125,0.0,0.0
1.805,4123.75,9.1225,1333.75,10.2725,0.0,0.0
1.816,4137.5,9.120000000000001,4008.75,10.015,0.0,0.0
1.826,3860.0,9.12375,3993.75,10.61375,0.0,0.0
1.836,3910.0,9.135,3605.0,10.0925,0.0,0.0
1.847,4140.0,9.1325,3605.0,10.0925,0.0,0.0
1.857,4013.75,9.13875,4166.25,10.008750000000001,0.0,0.0
1.867,3918.75,9.12875,3812.5,9.9425,0.0,0.0
1.878,4135.0,9.115,2938.75,9.9675,0.0,0.0
1.888,4126.25,9.13125,3620.0,9.96125,0.0,0.0
1.898,4030.0,9.1175,4386.25,9.9675,0.0,0.0
1.909,4130.0,9.12875,4393.75,9.935,0.0,0.0
1.919,4140.0,9.13125,4393.75,9.935,0.0,0.0
1.929,4140.0,9.13125,3315.0,9.98875,-1.25,0.00375
1.939,3917.5,9.13125,4408.75,9.9675,-1.25,0.00375
1.950,4140.0,9.1425,4386.25,9.981250000000001,-1.25,0.00375
1.960,4121.25,9.1225,3300.0,9.852500000000001,-1.25,0.00375
1.970,3968.75,9.12875,4112.5,9.95625,0.0,0.00125
1.981,3833.75,9.1325,4405.0,10.44375,0.0,0.00125
1.991,4120.0,9.13,4387.5,10.03125,0.0,0.00125
2.001,4123.75,9.13625,3742.5,9.95125,0.0,0.00125
2.012,4127.5,9.12375,3742.5,9.95125,0.0,0.00125
2.022,3962.5,9.11375,4420.0,9.95625,0.0,0.0025
2.033,3903.75,9.12875,4365.0,10.0375,0.0,0.0025
2.043,4027.5,9.14125,3873.75,9.7875,0.0,0.0025
2.053,4120.0,9.1425,4031.25,10.35875,0.0,0.0025
2.063,4136.25,9.135,2.5,10.95125,0.0,0.0025
2.074,4068.75,9.125,1.25,10.92125,-2.5,0.0
2.084,4125.0,9.133750000000001,0.0,11.01,-2.5,0.0
2.094,4136.25,9.13,-3.75,10.955,-2.5,0.0
2.104,4127.5,9.120000000000001,-2.5,10.87625,-2.5,0.0
2.115,4118.75,9.1275,8.75,10.53875,-2.5,0.0
2.125,4141.25,9.12875,-1.25,10.74625,-1.25,0.00125
2.136,4130.0,9.1275,-10.0,10.915000000000001,-1.25,0.00125
2.146,4136.25,9.1325,-8.75,11.040000000000001,-1.25,0.00125
2.156,4141.25,9.125,0.0,10.795,-1.25,0.00125
2.166,4132.5,9.12125,0.0,10.55375,-1.25,0.00125
2.177,4140.0,9.12875,-1.25,10.950000000000001,0.0,0.0025
2.187,4132.5,9.11125,45.0,10.9575,0.0,0.0025
2.197,4136.25,9.1275,-2.5,10.96125,0.0,0.0025
2.207,4123.75,9.1275,13.75,10.91,0.0,0.0025
2.218,4121.25,9.1275,-1.25,10.56375,0.0,0.0025
2.228,4137.5,9.120000000000001,-1.25,10.3575,0.0,0.0
2.238,4107.5,9.1275,6.25,10.9675,0.0,0.0
2.249,4118.75,9.1225,-7.5,10.96875,0.0,0.0
2.259,4125.0,9.1225,0.0,10.91125,0.0,0.0
2.269,4078.75,9.12875,-1.25,10.58125,-1.25,0.0025
2.279,4125.0,9.12625,-5.0,10.36125,-1.25,0.0025
2.290,4116.25,9.12875,8.75,10.97,-1.25,0.0025
2.300,4166.25,9.12375,0.0,10.935,-1.25,0.0025
2.310,4130.0,9.125,0.0,10.9525,-1.25,0.0025
2.320,4130.0,9.125,8.75,10.675,-1.25,0.0025
2.330,4130.0,9.13125,-20.0,10.45625,-1.25,0.0025
2.341,4116.25,9.12625,-2.5,10.9675,-1.25,0.0025
2.351,4135.0,9.1225,-25.0,10.9725,-1.25,0.0025
2.362,4031.25,9.1275,-1.25,10.963750000000001,-1.25,0.0025
2.372,4031.25,9.1275,-302.5,10.695,-1.25,0.00125
2.382,4130.0,9.125,1.25,10.485,-1.25,0.00125
2.392,4125.0,9.12125,0.0,10.655,-1.25,0.00125
2.403,4128.75,9.1225,0.0,10.96875,-1.25,0.00125
2.413,4075.0,9.125,2.5,10.97625,-1.25,0.00125
2.424,4075.0,9.125,-2.5,10.785,1.25,0.00125
2.434,4110.0,9.13875,-2.5,10.557500000000001,1.25,0.00125
2.444,4136.25,9.12375,7.5,10.345,1.25,0.00125
2.454,4123.75,9.1325,0.0,10.9625,1.25,0.00125
2.465,4123.75,9.1325,2.5,10.90625,1.25,0.00125
2.475,4120.0,9.133750000000001,0.0,10.731250000000001,-1.25,0.00375
2.485,4130.0,9.1275,-1.25,10.15625,-1.25,0.00375
2.495,4055.0,9.12375,0.0,10.3675,-1.25,0.00375
2.506,4045.0,9.13125,-1.25,10.86875,-1.25,0.00375
2.516,4120.0,9.137500000000001,40.0,10.965,0.0,0.0
2.526,4137.5,9.1425,0.0,10.8625,0.0,0.0
2.536,4123.75,9.12375,0.0,10.62375,0.0,0.0
2.547,4112.5,9.1325,0.0,10.418750000000001,0.0,0.0
2.557,4121.25,9.12875,2.5,10.92625,0.0,0.0
2.567,4121.25,9.12625,-7.5,10.99125,0.0,0.0
2.577,4116.25,9.125,1.25,10.87125,-1.25,0.005
2.588,4107.5,9.13125,0.0,10.5875,-1.25,0.005
2.598,4136.25,9.1325,0.0,10.4625,-1.25,0.005
2.609,4127.5,9.125,-3.75,10.96625,-1.25,0.005
2.619,4130.0,9.12125,-3.75,11.012500000000001,0.0,0.0
2.629,4118.75,9.11,-1.25,10.74625,0.0,0.0
2.639,4127.5,9.1225,-2.5,10.4925,0.0,0.0
2.650,4071.25,9.1325,-2.5,10.4925,0.0,0.0
2.660,4128.75,9.11625,-7.5,10.9625,0.0,0.0
2.671,4132.5,9.12625,1671.25,10.22625,-2.5,0.0025
2.681,3977.5,9.12875,4021.25,10.05375,-2.5,0.0025
2.691,4011.25,9.1175,3776.25,10.09125,-2.5,0.0025
2.702,4125.0,9.1225,3347.5,9.94,-2.5,0.0025
2.712,4126.25,9.13125,3395.0,9.34875,-2.5,0.0025
2.722,4120.0,9.115,3730.0,9.98875,-2.5,0.0
2.732,3980.0,9.12625,4351.25,9.9625,-2.5,0.0
2.743,3868.75,9.11875,4398.75,10.105,-2.5,0.0
2.753,3868.75,9.11875,4056.25,9.97,-2.5,0.0
2.763,4142.5,9.12625,3272.5,9.9425,-2.5,0.0
2.773,4071.25,9.1175,4397.5,9.9625,0.0,0.0
2.784,4018.75,9.13,4365.0,9.95125,0.0,0.0
2.794,4143.75,9.1275,4352.5,10.39125,0.0,0.0
2.804,4133.75,9.13,4301.25,9.93375,0.0,0.0
2.814,4133.75,9.13,3761.25,9.975,0.0,0.0
2.825,3777.5,9.11875,4450.0,9.9225,0.0,0.0
2.835,3896.25,9.1275,4375.0,9.97375,0.0,0.0
2.845,4127.5,9.12625,4387.5,9.75,0.0,0.0
2.855,4133.75,9.12375,3668.75,9.9575,0.0,0.0
2.866,4133.75,9.12375,3671.25,9.7725,-1.25,0.00125
2.877,3875.0,9.12625,4433.75,10.54875,-1.25,0.00125
2.887,4078.75,9.125,1453.75,10.87625,-1.25,0.00125
2.897,4123.75,9.12875,-1.25,10.96,-1.25,0.00125
2.908,4126.25,9.125,6.25,10.95875,-1.25,0.00125
2.918,4136.25,9.135,-1.25,10.945,0.0,0.00125
2.928,4130.0,9.12125,-1.25,10.9625,0.0,0.00125
2.939,4127.5,9.1175,-3.75,11.08,0.0,0.00125
2.949,4127.5,9.13125,10.0,10.50375,0.0,0.00125
2.960,4126.25,9.1225,-10.0,10.963750000000001,0.0,0.00125
2.971,4138.75,9.12125,0.0,10.93375,0.0,0.0
2.981,4055.0,9.125,-3.75,10.92875,0.0,0.0
2.992,4132.5,9.12875,-18.75,10.526250000000001,0.0,0.0
3.002,4122.5,9.133750000000001,-1.25,10.96625,0.0,0.0
3.012,4118.75,9.13875,-1.25,10.96625,0.0,0.0
3.022,4086.25,9.12375,0.0,10.9575,0.0,0.00375
3.033,4103.75,9.125,-11.25,10.765,0.0,0.00375
3.043,4111.25,9.13,5.0,10.56875,0.0,0.00375
3.053,4142.5,9.125,1.25,10.35125,0.0,0.00375
3.063,4122.5,9.11875,1.25,10.35125,0.0,0.00375
3.074,4111.25,9.1225,-2.5,10.95125,0.0,0.005
3.084,4118.75,9.125,3.75,11.00125,0.0,0.005
3.094,4122.5,9.1275,25.0,10.80625,0.0,0.005
3.105,4111.25,9.11875,1.25,10.51625,0.0,0.005
3.115,4093.75,9.13125,0.0,10.8475,0.0,0.005
3.125,4121.25,9.12375,1.25,10.9525,1.25,0.005
3.136,4141.25,9.14125,1.25,10.9525,1.25,0.005
3.146,4138.75,9.1275,-1.25,10.58125,1.25,0.005
3.156,4116.25,9.133750000000001,2.5,10.370000000000001,1.25,0.005
3.166,4125.0,9.125,0.0,10.995000000000001,0.0,0.0
3.177,4120.0,9.1275,60.0,10.94125,0.0,0.0
3.187,4122.5,9.125,-5.0,10.955,0.0,0.0
3.197,4136.25,9.120000000000001,1.25,10.70125,0.0,0.0
3.207,4083.75,9.12375,-2.5,10.36875,0.0,0.0
3.218,4128.75,9.13,-2.5,10.36875,0.0,0.0
3.228,4123.75,9.1275,-10.0,10.95875,-2.5,0.0025
3.239,4131.25,9.12375,-1.25,10.965,-2.5,0.0025
3.249,4126.25,9.12125,0.0,10.7225,-2.5,0.0025
3.259,4051.25,9.11875,0.0,10.45125,-2.5,0.0025
3.270,4121.25,9.1225,0.0,10.45125,-2.5,0.0025
3.280,4088.75,9.12625,-5.0,10.97375,0.0,0.00625
3.290,4117.5,9.125,0.0,10.96875,0.0,0.00625
3.300,4120.0,9.12625,2.5,10.64375,0.0,0.00625
3.311,4131.25,9.13125,2.5,10.52125,0.0,0.00625
3.321,4126.25,9.133750000000001,2.5,10.52125,1.25,0.005
3.331,4122.5,9.12375,0.0,10.94375,1.25,0.005
3.341,4115.0,9.125,1.25,10.94,1.25,0.005
3.352,4112.5,9.135,-10.0,10.78625,1.25,0.005
3.362,4128.75,9.13125,-2.5,10.53125,1.25,0.005
3.372,4121.25,9.1325,2.5,10.975,0.0,0.005
3.382,4126.25,9.12375,0.0,10.94375,0.0,0.005
3.393,4105.0,9.1225,0.0,10.97125,0.0,0.005
3.403,3987.5,9.120000000000001,-2.5,10.8425,0.0,0.005
3.413,4135.0,9.120000000000001,11.25,10.606250000000001,0.0,0.005
3.423,4135.0,9.120000000000001,13.75,10.34875,-1.25,0.00125
3.434,4137.5,9.15,0.0,10.98,-1.25,0.00125
3.444,4128.75,9.13,-1.25,10.94,-1.25,0.00125
3.454,4118.75,9.13,2.5,10.87875,-1.25,0.00125
3.465,4118.75,9.13,8.75,10.635,-1.25,0.00125
3.475,4127.5,9.11875,8.75,10.635,0.0,0.00375
3.485,4117.5,9.13,-2.5,10.965,0.0,0.00375
3.496,4132.5,9.135,0.0,10.29125,0.0,0.00375
3.506,4143.75,9.120000000000001,3640.0,9.98875,0.0,0.00375
3.516,4143.75,9.120000000000001,3936.25,10.07,0.0,0.00375
3.526,4117.5,9.12875,3840.0,10.31375,-1.25,0.00125
3.537,4090.0,9.12125,3875.0,10.2125,-1.25,0.00125
3.547,4122.5,9.1275,2893.75,9.93125,-1.25,0.00125
3.557,4125.0,9.125,3360.0,9.99125,-1.25,0.00125
3.568,4125.0,9.125,4368.75,9.9825,-1.25,0.00125
3.578,4118.75,9.125,4326.25,9.84125,-1.25,0.00375
3.588,4133.75,9.1275,4350.0,10.1475,-1.25,0.00375
3.599,4133.75,9.1275,3611.25,9.97,-1.25,0.00375
3.609,4008.75,9.12875,4375.0,9.455,-1.25,0.00375
3.619,4105.0,9.13125,4361.25,9.93,-1.25,0.00375
3.630,4117.5,9.11375,3393.75,9.977500000000001,1.25,0.0
3.640,4120.0,9.1275,3366.25,9.97375,1.25,0.0
3.650,3917.5,9.137500000000001,4377.5,9.95625,1.25,0.0
3.661,3917.5,9.137500000000001,3525.0,9.96875,1.25,0.0
3.671,3822.5,9.12625,4373.75,9.82625,-1.25,0.005
3.681,3883.75,9.12125,3371.25,9.97,-1.25,0.005
3.692,4128.75,9.1325,4145.0,9.96875,-1.25,0.005
3.702,4065.0,9.1225,4396.25,9.97875,-1.25,0.005
3.712,4035.0,9.125,4427.5,9.8925,-1.25,0.005
3.723,4081.25,9.1225,3660.0,9.965,-1.25,0.00375
3.733,3951.25,9.13,4390.0,10.08125,-1.25,0.00375
3.743,4127.5,9.1275,4381.25,9.97125,-1.25,0.00375
3.754,4091.25,9.14125,2.5,11.015,-1.25,0.00375
3.764,4117.5,9.145,2.5,10.93125,-1.25,0.00375
3.775,4135.0,9.13125,-13.75,10.95625,-1.25,0.0
3.785,4103.75,9.11875,0.0,10.8325,-1.25,0.0
3.795,4131.25,9.11625,-1.25,10.9125,-1.25,0.0
3.806,4125.0,9.12375,-6.25,10.571250000000001,-1.25,0.0
3.816,4106.25,9.12875,-1.25,10.445,-1.25,0.0
3.826,4132.5,9.11875,-1.25,10.97,0.0,0.00125
3.837,4120.0,9.12625,-1.25,11.05375,0.0,0.00125
3.847,4073.75,9.133750000000001,-1.25,10.98375,0.0,0.00125
3.857,4123.75,9.1175,-2.5,10.72625,0.0,0.00125
3.867,4120.0,9.12125,-6.25,10.50125,0.0,0.00125
3.878,4107.5,9.120000000000001,1.25,10.975,-1.25,0.00625
3.888,4126.25,9.1325,0.0,10.9375,-1.25,0.00625
3.898,4123.75,9.1275,0.0,11.008750000000001,-1.25,0.00625
3.909,4127.5,9.125,-3.75,10.8275,-1.25,0.00625
3.919,4127.5,9.125,-13.75,10.51875,-1.25,0.00625
3.929,4112.5,9.13125,-2.5,11.0,-1.25,0.00125
3.940,4120.0,9.12375,1.25,11.02375,-1.25,0.00125
3.950,4130.0,9.1275,0.0,10.965,-1.25,0.00125
3.960,4125.0,9.12625,0.0,10.83,-1.25,0.00125
3.970,4125.0,9.12625,1.25,10.545,-1.25,0.00125
3.981,4085.0,9.1225,1.25,10.963750000000001,0.0,0.005
3.991,4130.0,9.11375,10.0,10.96,0.0,0.005
4.001,4121.25,9.125,-8.75,10.965,0.0,0.005
4.011,4090.0,9.120000000000001,16.25,10.83375,0.0,0.005
4.022,4121.25,9.137500000000001,0.0,10.59875,0.0,0.005
4.032,4123.75,9.13625,-3.75,10.9675,-1.25,0.0025
4.042,4107.5,9.1175,-5.0,10.965,-1.25,0.0025
4.053,4122.5,9.12625,-5.0,10.965,-1.25,0.0025
4.063,4077.5,9.1175,-1.25,10.81,-1.25,0.0025
4.073,4077.5,9.1175,-1.25,10.81,0.0,0.00375
4.083,4112.5,9.125,-6.25,10.3425,0.0,0.00375
4.094,4111.25,9.12375,7.5,10.97625,0.0,0.00375
4.104,4111.25,9.11875,7.5,10.97625,0.0,0.00375
4.114,4095.0,9.125,-1.25,10.73625,0.0,0.00375
4.126,4106.25,9.12875,-3.75,10.450000000000001,1.25,0.005
4.136,4127.5,9.12875,-2.5,11.02,1.25,0.005
4.146,4116.25,9.12875,-6.25,10.96875,1.25,0.005
4.157,4088.75,9.125,-1.25,10.9525,1.25,0.005
4.167,4113.75,9.12625,-1.25,10.3975,1.25,0.005
4.177,4115.0,9.13625,-1.25,10.3975,-1.25,0.00375
4.187,4128.75,9.133750000000001,6.25,10.9625,-1.25,0.00375
4.198,4117.5,9.115,-1.25,10.9575,-1.25,0.00375
4.208,4057.5,9.12625,-1.25,10.97,-1.25,0.00375
4.218,4081.25,9.1225,1.25,10.8625,-1.25,0.00375
4.229,4115.0,9.13,1.25,10.8625,-1.25,0.0
4.239,4130.0,9.14,-16.25,11.008750000000001,-1.25,0.0
4.249,4112.5,9.133750000000001,-1.25,10.96,-1.25,0.0
4.260,4118.75,9.13625,-1.25,10.946250000000001,-1.25,0.0
4.270,4130.0,9.135,-10.0,10.9175,-1.25,0.0
4.280,4130.0,9.12625,0.0,10.5475,0.0,0.005
4.291,4101.25,9.12875,0.0,10.56375,0.0,0.005
4.301,4093.75,9.12625,1.25,10.96875,0.0,0.005
4.311,4075.0,9.125,0.0,11.01,0.0,0.005
4.321,4127.5,9.11375,0.0,10.84,0.0,0.005
4.332,4117.5,9.13125,-2.5,10.1975,0.0,0.00125
4.342,4077.5,9.13625,-2.5,11.04625,0.0,0.00125
4.352,4137.5,9.1275,-2.5,10.51875,0.0,0.00125
4.363,4131.25,9.12875,3245.0,10.2075,0.0,0.00125
4.373,4131.25,9.12875,4070.0,9.98875,-1.25,0.00375
4.383,4130.0,9.115,3850.0,10.09625,-1.25,0.00375
4.393,3886.25,9.12625,3341.25,10.075000000000001,-1.25,0.00375
4.404,3963.75,9.125,4047.5,10.0325,-1.25,0.00375
4.414,4117.5,9.13125,4167.5,9.705,-1.25,0.00375
4.424,4112.5,9.12625,4037.5,9.76,-1.25,0.00375
4.435,4126.25,9.09875,3443.75,9.405,-1.25,0.00375
4.445,4028.75,9.12125,4381.25,9.9675,-1.25,0.00375
4.455,4086.25,9.12125,4378.75,10.22,-1.25,0.00375
4.465,4118.75,9.135,4430.0,9.95875,-1.25,0.00375
4.476,4130.0,9.1175,4253.75,9.9675,0.0,0.00375
4.486,3943.75,9.1125,4253.75,9.9825,0.0,0.00375
4.496,3845.0,9.11125,4333.75,9.93875,0.0,0.00375
4.506,4111.25,9.1325,4425.0,9.795,0.0,0.00375
4.517,4121.25,9.12125,4425.0,9.795,0.0,0.00375
4.527,4108.75,9.120000000000001,3607.5,9.95875,-1.25,0.005
4.537,3997.5,9.12375,4396.25,9.98,-1.25,0.005
4.547,4106.25,9.125,4396.25,9.98,-1.25,0.005
4.558,4127.5,9.13125,4335.0,10.08625,-1.25,0.005
4.568,4101.25,9.133750000000001,4111.25,9.97125,-1.25,0.005
4.579,4101.25,9.133750000000001,4417.5,11.026250000000001,-1.25,0.0
4.589,4035.0,9.12625,2.5,10.90625,-1.25,0.0
4.599,4118.75,9.13625,2.5,11.0175,-1.25,0.0
4.609,4118.75,9.12125,-16.25,10.93625,-1.25,0.0
4.620,4130.0,9.1225,-16.25,10.93625,-1.25,0.0
4.630,4102.5,9.12375,-1.25,10.5625,0.0,0.0025
4.640,4120.0,9.11625,-1.25,10.963750000000001,0.0,0.0025
4.651,4122.5,9.12625,137.5,10.96125,0.0,0.0025
4.661,4098.75,9.1275,-12.5,10.96875,0.0,0.0025
4.671,4132.5,9.12125,-12.5,10.96875,0.0,0.0025
4.681,4111.25,9.12375,-1.25,10.75125,-1.25,0.0
4.692,4117.5,9.137500000000001,0.0,10.918750000000001,-1.25,0.0
4.702,4123.75,9.125,33.75,10.975,-1.25,0.0
4.712,4110.0,9.14375,8.75,10.96625,-1.25,0.0
4.722,4128.75,9.13875,8.75,10.96625,-1.25,0.0
4.733,4112.5,9.120000000000001,0.0,10.78625,-1.25,0.0025
4.743,4107.5,9.120000000000001,-15.0,10.39375,-1.25,0.0025
4.753,4111.25,9.12875,-2.5,10.99625,-1.25,0.0025
4.763,4101.25,9.12875,1.25,10.965,-1.25,0.0025
4.774,4101.25,9.120000000000001,1.25,10.965,-1.25,0.0025
4.784,4115.0,9.1275,-3.75,10.78625,-1.25,0.0
4.794,4106.25,9.12375,-1.25,10.405,-1.25,0.0
4.805,4122.5,9.1225,2.5,10.96875,-1.25,0.0
4.815,4110.0,9.14125,-1.25,10.963750000000001,-1.25,0.0
4.825,4112.5,9.1325,-1.25,10.963750000000001,1.25,0.0
4.836,4122.5,9.12875,17.5,10.81625,1.25,0.0
4.846,4127.5,9.12375,-11.25,10.50625,1.25,0.0
4.856,4112.5,9.12375,-7.5,11.02125,1.25,0.0
4.867,4118.75,9.13875,-1.25,10.981250000000001,1.25,0.0
4.877,4131.25,9.1225,-1.25,10.91375,0.0,0.00375
4.887,4121.25,9.12375,17.5,10.745000000000001,0.0,0.00375
4.898,4127.5,9.12875,-11.25,10.52375,0.0,0.00375
4.908,4113.75,9.1175,1.25,10.84375,0.0,0.00375
4.918,4072.5,9.1325,-1.25,10.963750000000001,0.0,0.00375
4.929,4042.5,9.12875,-2.5,10.95875,1.25,0.00125
4.939,4111.25,9.1225,-5.0,10.78875,1.25,0.00125
4.949,4112.5,9.1325,2.5,10.60875,1.25,0.00125
4.959,4126.25,9.120000000000001,-1.25,10.352500000000001,1.25,0.00125
4.970,4121.25,9.13125,0.0,10.9575,1.25,0.00125
4.980,4121.25,9.13125,2.5,10.965,0.0,0.00375
4.991,4126.25,9.13125,-6.25,10.84875,0.0,0.00375
5.001,4122.5,9.1225,-1.25,10.68,0.0,0.00375
5.011,4086.25,9.13,1.25,10.40625,0.0,0.00375
5.022,4086.25,9.13,-1.25,10.955,0.0,0.00375
5.032,4115.0,9.12125,6.25,10.963750000000001,0.0,0.0
5.042,4130.0,9.13125,-3.75,10.92375,0.0,0.0
5.053,4127.5,9.1225,0.0,10.7525,0.0,0.0
5.063,4071.25,9.1325,0.0,10.48375,0.0,0.0
5.073,4090.0,9.12875,-3.75,10.84875,0.0,0.0
5.084,4090.0,9.12875,-1.25,10.8775,0.0,0.0
5.094,4113.75,9.125,-1.25,10.94125,0.0,0.0
5.104,4150.0,9.12625,0.0,10.7075,0.0,0.0
5.115,4123.75,9.13125,-2.5,10.48,0.0,0.0
5.126,4133.75,9.12375,-127.5,11.02,0.0,0.00375
5.136,4103.75,9.133750000000001,0.0,10.9575,0.0,0.00375
5.146,4132.5,9.137500000000001,-2.5,10.85125,0.0,0.00375
5.156,4090.0,9.125,-2.5,10.85125,0.0,0.00375
5.167,4116.25,9.120000000000001,0.0,10.50125,0.0,0.00375
5.177,4116.25,9.120000000000001,2.5,10.92375,0.0,0.00375
5.187,3848.75,9.13,1487.5,10.16,-1.25,0.00375
5.198,3936.25,9.12875,3748.75,10.09,-1.25,0.00375
5.208,4111.25,9.13,2353.75,9.915000000000001,-1.25,0.00375
5.219,4120.0,9.1075,2353.75,9.915000000000001,-1.25,0.00375
5.229,3926.25,9.13,3110.0,10.0775,0.0,0.00125
5.239,3996.25,9.1225,4133.75,10.005,0.0,0.00125
5.250,4125.0,9.120000000000001,4280.0,9.9025,0.0,0.00125
5.260,4125.0,9.12375,3163.75,9.965,0.0,0.00125
5.270,4128.75,9.1275,4406.25,9.96875,0.0,0.00125
5.281,4128.75,9.1275,4406.25,9.96875,0.0,0.0025
5.291,4123.75,9.13625,3606.25,9.96875,0.0,0.0025
5.301,4120.0,9.12125,4176.25,10.15375,0.0,0.0025
5.311,3958.75,9.125,4363.75,9.8575,0.0,0.0025
5.322,4085.0,9.135,3735.0,9.96125,0.0,0.0025
5.332,4092.5,9.12375,4377.5,10.11375,0.0,0.0
5.342,3882.5,9.1225,4368.75,9.9725,0.0,0.0
5.352,3882.5,9.1225,4367.5,10.1125,0.0,0.0
5.363,4152.5,9.125,4400.0,9.477500000000001,0.0,0.0
5.373,4152.5,9.125,4182.5,9.98375,0.0,0.0
5.383,3926.25,9.1275,4401.25,9.945,0.0,0.0
5.394,3858.75,9.12125,4406.25,9.807500000000001,0.0,0.0
5.404,4118.75,9.133750000000001,4355.0,9.5,0.0,0.0
5.415,4125.0,9.1325,3108.75,9.88125,0.0,0.0
5.425,4125.0,9.1325,3661.25,9.975,0.0,0.0
5.436,3847.5,9.1125,4370.0,9.9725,1.25,0.0
5.446,4122.5,9.13875,966.25,10.9725,1.25,0.0
5.456,4122.5,9.13875,-6.25,10.90875,1.25,0.0
5.466,4115.0,9.12125,-127.5,10.965,1.25,0.0
5.477,4115.0,9.12125,5.0,10.96625,0.0,0.0
5.487,4121.25,9.12875,-3.75,10.76,0.0,0.0
5.497,4117.5,9.12375,-3.75,10.645,0.0,0.0
5.508,4105.0,9.12625,-12.5,10.43625,0.0,0.0
5.518,4112.5,9.11875,-6.25,10.97,0.0,0.0
5.528,4112.5,9.11875,-1.25,10.97375,1.25,0.0
5.539,4130.0,9.137500000000001,0.0,10.8325,1.25,0.0
5.549,4116.25,9.12625,-12.5,10.4825,1.25,0.0
5.559,4112.5,9.1425,-10.0,10.38,1.25,0.0
5.569,4088.75,9.1325,-1.25,10.963750000000001,1.25,0.0
5.580,4095.0,9.13125,0.0,10.963750000000001,0.0,0.00375
5.590,4116.25,9.125,-1.25,10.875,0.0,0.00375
5.600,4106.25,9.12375,0.0,10.58625,0.0,0.00375
5.610,4116.25,9.13625,0.0,10.58625,0.0,0.00375
5.621,4077.5,9.1275,0.0,10.512500000000001,0.0,0.00375
5.631,4077.5,9.1275,0.0,10.9525,-1.25,0.0
5.641,4112.5,9.12625,-3.75,10.9625,-1.25,0.0
5.652,4115.0,9.12875,0.0,10.682500000000001,-1.25,0.0
5.662,4115.0,9.13125,0.0,10.3475,-1.25,0.0
5.672,4002.5,9.12625,0.0,10.3475,-1.25,0.0
5.683,4120.0,9.11625,0.0,11.01375,0.0,0.0
5.693,4117.5,9.12875,-1.25,10.91375,0.0,0.0
5.703,4118.75,9.145,3.75,10.64625,0.0,0.0
5.713,4105.0,9.12625,-2.5,10.435,0.0,0.0
5.724,4115.0,9.120000000000001,-2.5,10.435,0.0,0.0
5.734,4075.0,9.1275,0.0,10.9625,-1.25,0.0
5.744,4117.5,9.13,-10.0,10.95125,-1.25,0.0
5.755,4117.5,9.11625,-1.25,10.73375,-1.25,0.0
5.765,4115.0,9.12625,-2.5,10.19,-1.25,0.0
5.775,4115.0,9.1325,-2.5,10.19,-1.25,0.0
5.785,4066.25,9.13,0.0,10.9675,0.0,0.0
5.796,4095.0,9.1225,-1.25,10.93125,0.0,0.0
5.806,4122.5,9.1325,0.0,10.775,0.0,0.0
5.816,4057.5,9.13125,-1.25,10.525,0.0,0.0
5.826,4122.5,9.1175,-1.25,10.525,0.0,0.0
5.837,4016.25,9.1225,-163.75,10.950000000000001,-1.25,0.0
5.847,3978.75,9.12375,-1.25,11.213750000000001,-1.25,0.0
5.857,4093.75,9.12625,-1.25,10.80875,-1.25,0.0
5.867,4121.25,9.13125,-8.75,10.6,-1.25,0.0
5.878,4101.25,9.1425,-8.75,10.6,-1.25,0.0
5.888,4108.75,9.125,-1.25,10.9825,-1.25,0.0
5.898,4112.5,9.11,1.25,10.93125,-1.25,0.0
5.909,4005.0,9.135,-1.25,10.88875,-1.25,0.0
5.919,4115.0,9.1275,16.25,10.64375,-1.25,0.0
5.929,4105.0,9.1225,16.25,10.64375,1.25,0.0025
5.940,4068.75,9.1325,-1.25,10.94375,1.25,0.0025
5.950,4035.0,9.12375,-1.25,10.64125,1.25,0.0025
5.960,4098.75,9.1325,-1.25,10.88875,1.25,0.0025
5.970,4122.5,9.1275,3.75,10.63625,1.25,0.0025
5.981,4101.25,9.133750000000001,3.75,10.63625,0.0,0.0
5.991,4105.0,9.133750000000001,-1.25,10.9725,0.0,0.0
6.001,4106.25,9.125,-7.5,10.92625,0.0,0.0
6.012,4103.75,9.12875,-6.25,10.9025,0.0,0.0
6.022,4108.75,9.12375,5.0,10.69375,0.0,0.0
6.032,4118.75,9.12875,5.0,10.69375,-1.25,0.0
6.043,4116.25,9.133750000000001,-6.25,10.97875,-1.25,0.0
6.053,4120.0,9.125,255.0,10.2225,-1.25,0.0
6.063,4106.25,9.12875,3151.25,9.445,-1.25,0.0
6.074,4112.5,9.1325,3082.5,10.06625,-1.25,0.0
6.084,3917.5,9.125,3782.5,10.285,-2.5,0.00375
6.095,4050.0,9.137500000000001,3895.0,10.21125,-2.5,0.00375
6.105,4096.25,9.12125,3420.0,10.0275,-2.5,0.00375
6.116,4116.25,9.115,3910.0,9.9875,-2.5,0.00375
6.126,3988.75,9.11625,4343.75,9.96125,1.25,0.0
6.136,3883.75,9.12625,4332.5,9.63125,1.25,0.0
6.147,4126.25,9.13125,4377.5,10.58,1.25,0.0
6.157,4105.0,9.133750000000001,3818.75,9.79125,1.25,0.0
6.168,4097.5,9.1325,3471.25,10.088750000000001,1.25,0.0
6.178,4120.0,9.13625,4370.0,9.977500000000001,1.25,0.0
6.189,4105.0,9.135,3282.5,9.96625,-1.25,0.0
6.199,4100.0,9.09625,2928.75,9.98625,-1.25,0.0
6.209,4043.75,9.1175,3106.25,9.97125,-1.25,0.0
6.219,4047.5,9.11625,4405.0,9.97375,-1.25,0.0
6.230,4047.5,9.11625,4338.75,9.9525,0.0,0.0
6.240,4108.75,9.13875,3995.0,9.97,0.0,0.0
6.251,4113.75,9.12625,3348.75,9.95125,0.0,0.0
6.261,3860.0,9.133750000000001,4175.0,9.97375,0.0,0.0
6.271,3896.25,9.1225,4368.75,9.9575,0.0,0.0
6.282,3896.25,9.1225,3997.5,9.96875,0.0,0.0
6.292,4031.25,9.12875,1246.25,10.965,0.0,0.0025
6.302,4091.25,9.1325,2.5,10.93875,0.0,0.0025
6.313,4118.75,9.133750000000001,-1.25,10.9725,0.0,0.0025
6.323,4116.25,9.12375,1.25,11.28625,0.0,0.0025
6.333,4116.25,9.12375,-8.75,10.95875,-1.25,0.0
6.344,4077.5,9.125,1.25,10.755,-1.25,0.0
6.354,4035.0,9.12625,-1.25,10.477500000000001,-1.25,0.0
6.364,4096.25,9.1325,-2.5,10.79875,-1.25,0.0
6.375,4105.0,9.12625,-3.75,10.93,-1.25,0.0
6.385,4123.75,9.120000000000001,2.5,10.67625,-1.25,0.0
6.395,4095.0,9.12375,-1.25,10.645,-1.25,0.0
6.406,4098.75,9.12875,-1.25,10.645,-1.25,0.0
6.416,4110.0,9.12875,-1.25,10.38875,-1.25,0.0
6.426,4113.75,9.12875,-6.25,10.977500000000001,-1.25,0.0
6.436,4113.75,9.12875,-3.75,11.01375,1.25,0.0
6.446,4071.25,9.13,-2.5,10.8675,1.25,0.0
6.457,4108.75,9.133750000000001,0.0,10.34375,1.25,0.0
6.467,4120.0,9.137500000000001,-10.0,10.41,1.25,0.0
6.477,4100.0,9.12375,-5.0,10.965,1.25,0.0
6.487,4100.0,9.12375,-11.25,10.932500000000001,-2.5,0.0
6.498,4096.25,9.13625,-1.25,10.875,-2.5,0.0
6.508,4126.25,9.1275,-20.0,10.4825,-2.5,0.0
6.518,4105.0,9.12375,5.0,10.97125,-2.5,0.0
6.529,4120.0,9.12875,5.0,10.97125,-2.5,0.0
6.539,4115.0,9.1275,-2.5,10.605,0.0,0.0
6.549,4115.0,9.13,2.5,10.8175,0.0,0.0
6.559,4116.25,9.12625,11.25,10.5,0.0,0.0
6.570,4108.75,9.12625,-20.0,10.963750000000001,0.0,0.0
6.580,4040.0,9.12625,-20.0,10.963750000000001,1.25,0.0025
6.590,4112.5,9.1275,-5.0,11.005,1.25,0.0025
6.601,4103.75,9.133750000000001,3.75,10.87625,1.25,0.0025
6.611,4108.75,9.133750000000001,7.5,10.5375,1.25,0.0025
6.621,4112.5,9.13875,-1.25,10.51125,1.25,0.0025
6.631,4002.5,9.12625,-1.25,10.51125,0.0,0.0025
6.642,4107.5,9.125,-13.75,10.975,0.0,0.0025
6.652,4123.75,9.1225,5.0,10.8375,0.0,0.0025
6.663,4105.0,9.11875,1.25,10.61,0.0,0.0025
6.673,4098.75,9.13125,-2.5,10.345,0.0,0.0025
6.684,4113.75,9.125,-2.5,10.345,-1.25,0.0
6.694,4113.75,9.135,1.25,10.95125,-1.25,0.0
6.704,4118.75,9.1275,20.0,10.95375,-1.25,0.0
6.714,4121.25,9.125,-1.25,10.635,-1.25,0.0
6.725,4117.5,9.14125,-1.25,10.3625,-1.25,0.0
6.735,3945.0,9.13625,-1.25,10.3625,0.0,0.0025
6.745,4106.25,9.13875,3.75,10.96,0.0,0.0025
6.756,4103.75,9.13125,3.75,10.95875,0.0,0.0025
6.766,4121.25,9.12375,1.25,10.67,0.0,0.0025
6.776,4075.0,9.12875,-1.25,10.35,0.0,0.0025
6.786,4110.0,9.135,-1.25,10.35,1.25,0.0
6.797,4115.0,9.12625,-2.5,10.96125,1.25,0.0
6.807,4081.25,9.135,-1.25,10.935,1.25,0.0
6.817,4097.5,9.13125,-1.25,10.755,1.25,0.0
6.828,4097.5,9.13125,1.25,10.525,1.25,0.0
6.838,4110.0,9.1225,11.25,10.963750000000001,0.0,0.0
6.848,4093.75,9.137500000000001,1.25,10.965,0.0,0.0
6.858,4113.75,9.133750000000001,0.0,10.96875,0.0,0.0
6.869,4101.25,9.13,0.0,10.82875,0.0,0.0
6.879,4101.25,9.13,-2.5,10.44125,0.0,0.0
6.889,4110.0,9.125,-2.5,10.44125,-1.25,0.0
6.900,3990.0,9.11125,-1.25,10.7175,-1.25,0.0
6.910,4056.25,9.1225,3482.5,10.14125,-1.25,0.0
6.920,4125.0,9.13125,3560.0,10.043750000000001,-1.25,0.0
6.931,4125.0,9.13125,2336.25,10.1075,-1.25,0.0
6.941,3966.25,9.1325,3883.75,10.07875,-1.25,0.0
6.951,3928.75,9.1275,4035.0,10.035,-1.25,0.0
6.962,4085.0,9.12875,4201.25,10.755,-1.25,0.0
6.972,4096.25,9.125,4422.5,9.905,-1.25,0.0
6.982,4096.25,9.125,4356.25,10.09,0.0,0.0025
6.993,3978.75,9.1325,4398.75,10.2775,0.0,0.0025
7.003,3900.0,9.133750000000001,4342.5,9.98,0.0,0.0025
7.013,4128.75,9.1225,4342.5,9.98,0.0,0.0025
7.023,4113.75,9.133750000000001,4086.25,10.387500000000001,0.0,0.0025
7.034,4111.25,9.133750000000001,4421.25,9.97125,0.0,0.0025
7.044,3830.0,9.1275,4391.25,9.7175,0.0,0.00375
7.054,3845.0,9.1275,4390.0,9.9475,0.0,0.00375
7.064,3931.25,9.133750000000001,4427.5,9.918750000000001,0.0,0.00375
7.075,4008.75,9.12875,4405.0,10.16625,0.0,0.00375
7.085,4103.75,9.125,3180.0,9.963750000000001,-1.25,0.0
7.095,4030.0,9.13,4396.25,9.985,-1.25,0.0
7.106,3915.0,9.13625,4410.0,10.01875,-1.25,0.0
7.116,4088.75,9.125,4356.25,10.27125,-1.25,0.0
7.126,4102.5,9.1325,4305.0,9.9125,-1.25,0.0
7.137,3958.75,9.137500000000001,3966.25,9.965,0.0,0.0
7.147,3812.5,9.13,4380.0,9.9075,0.0,0.0
7.157,3886.25,9.135,4246.25,10.38,0.0,0.0
7.168,3930.0,9.125,-8.75,10.96875,0.0,0.0
7.178,4108.75,9.13625,-8.75,10.96875,0.0,0.0
7.188,4071.25,9.12875,0.0,10.93,0.0,0.0
7.199,4105.0,9.1275,0.0,10.7375,0.0,0.0
7.209,3995.0,9.1325,0.0,10.715,0.0,0.0
7.219,4110.0,9.137500000000001,36.25,10.495000000000001,0.0,0.0
7.230,4110.0,9.12625,36.25,10.495000000000001,0.0,0.0
7.240,4045.0,9.12875,-2.5,10.963750000000001,1.25,0.0
7.250,4108.75,9.13,0.0,11.02875,1.25,0.0
7.261,4106.25,9.1225,2.5,10.793750000000001,1.25,0.0
7.271,4096.25,9.125,-10.0,10.53375,1.25,0.0
7.281,4105.0,9.1425,-10.0,10.53375,-2.5,0.0
7.291,4100.0,9.135,-1.25,11.07375,-2.5,0.0
7.302,4073.75,9.13125,2.5,11.00125,-2.5,0.0
7.312,4107.5,9.13125,-16.25,10.83375,-2.5,0.0
7.322,4107.5,9.13125,-5.0,10.56,-2.5,0.0
7.332,4081.25,9.125,-5.0,10.56,-2.5,0.0
7.343,4021.25,9.12375,-1.25,10.92375,0.0,0.0025
7.353,4062.5,9.12875,-20.0,10.95375,0.0,0.0025
7.363,4108.75,9.135,6.25,10.8575,0.0,0.0025
7.373,4110.0,9.137500000000001,-1.25,10.63875,0.0,0.0025
7.384,4107.5,9.133750000000001,-1.25,10.63875,0.0,0.0
7.394,4108.75,9.135,-5.0,10.965,0.0,0.0
7.404,4105.0,9.120000000000001,-3.75,10.870000000000001,0.0,0.0
7.415,4107.5,9.12875,-16.25,10.95375,0.0,0.0
7.425,4107.5,9.12875,-1.25,10.65875,0.0,0.0
7.435,4098.75,9.13,-1.25,10.65875,-1.25,0.0
7.445,4055.0,9.115,105.0,10.97375,-1.25,0.0
7.456,4100.0,9.12875,28.75,10.95875,-1.25,0.0
7.466,4110.0,9.1325,-1.25,10.95375,-1.25,0.0
7.476,4110.0,9.1325,0.0,10.775,-1.25,0.0
7.487,4110.0,9.12875,0.0,10.775,0.0,0.00125
7.497,4105.0,9.13625,1.25,10.96,0.0,0.00125
7.507,4098.75,9.14375,0.0,10.96875,0.0,0.00125
7.517,4113.75,9.13625,-2.5,10.99375,0.0,0.00125
7.528,4098.75,9.13,-1.25,10.695,0.0,0.00125
7.538,4098.75,9.13,-1.25,10.695,0.0,0.00375
7.548,4102.5,9.13625,-1.25,10.96625,0.0,0.00375
7.559,4102.5,9.133750000000001,-1.25,10.90875,0.0,0.00375
7.569,4111.25,9.120000000000001,2.5,11.05375,0.0,0.00375
7.579,4092.5,9.1175,0.0,10.793750000000001,0.0,0.00375
7.589,4092.5,9.1175,-1.25,10.512500000000001,-1.25,0.00375
7.600,4105.0,9.13875,0.0,10.975,-1.25,0.00375
7.610,4108.75,9.12375,-1.25,10.946250000000001,-1.25,0.00375
7.620,4118.75,9.11875,1.25,10.97125,-1.25,0.00375
7.631,4118.75,9.11875,2.5,10.5225,-1.25,0.00375
7.641,4096.25,9.1425,0.0,10.47125,0.0,0.0025
7.651,4102.5,9.13625,-8.75,10.85,0.0,0.0025
7.662,4110.0,9.11875,1.25,10.99,0.0,0.0025
7.672,4035.0,9.12875,-7.5,10.9825,0.0,0.0025
7.682,4035.0,9.12875,-1.25,10.80125,0.0,0.0025
7.692,4097.5,9.13875,-2.5,10.59625,-1.25,0.0025
7.703,4060.0,9.13625,0.0,10.415000000000001,-1.25,0.0025
7.713,3976.25,9.1275,2.5,10.9175,-1.25,0.0025
7.723,4093.75,9.14375,11.25,10.965,-1.25,0.0025
7.734,4093.75,9.14375,-1.25,10.8375,0.0,0.0
7.744,4091.25,9.12625,-3.75,10.633750000000001,0.0,0.0
7.754,4065.0,9.12625,-6.25,10.4975,0.0,0.0
7.765,4108.75,9.12625,27.5,10.97,0.0,0.0
7.775,4101.25,9.14,2106.25,10.15875,0.0,0.0
7.786,3975.0,9.1275,4005.0,10.03875,0.0,0.0
7.796,3936.25,9.125,3968.75,10.07875,0.0,0.0
7.806,3911.25,9.1225,3755.0,10.0925,0.0,0.0
7.816,4115.0,9.13125,3925.0,9.425,0.0,0.0
7.827,4100.0,9.14875,4110.0,10.0,0.0,0.0
7.837,4100.0,9.14875,4323.75,9.97375,-1.25,0.00125
7.847,3838.75,9.133750000000001,4226.25,9.321250000000001,-1.25,0.00125
7.858,4095.0,9.1225,3913.75,9.9825,-1.25,0.00125
7.868,4095.0,9.1225,4305.0,9.975,-1.25,0.00125
7.878,3947.5,9.13,4388.75,9.870000000000001,-1.25,0.00125
7.889,3781.25,9.11875,4388.75,9.870000000000001,-1.25,0.00125
7.899,3890.0,9.137500000000001,3995.0,9.61875,0.0,0.0025
7.909,4113.75,9.1175,4378.75,9.96875,0.0,0.0025
7.920,4111.25,9.120000000000001,4272.5,9.97625,0.0,0.0025
7.930,4107.5,9.13125,4272.5,9.97625,0.0,0.0025
7.940,3946.25,9.1275,4397.5,10.00375,0.0,0.0
7.951,3862.5,9.11625,4351.25,9.8375,0.0,0.0
7.961,3968.75,9.13875,4557.5,9.4625,0.0,0.0
7.971,4112.5,9.125,3745.0,9.9625,0.0,0.0
7.981,4111.25,9.14,3745.0,9.9625,0.0,0.0
7.992,3958.75,9.13625,4208.75,9.92,1.25,0.0025
8.002,4068.75,9.1225,4392.5,9.81,1.25,0.0025
8.012,4111.25,9.12375,4361.25,9.945,1.25,0.0025
8.022,4103.75,9.1225,1676.25,10.97625,1.25,0.0025
8.033,4098.75,9.12875,1676.25,10.97625,0.0,0.0
8.043,4118.75,9.12625,-1.25,10.93875,0.0,0.0
8.054,4115.0,9.1325,-3.75,10.9525,0.0,0.0
8.064,4108.75,9.12125,10.0,10.99625,0.0,0.0
8.074,4088.75,9.1175,-1.25,10.81625,0.0,0.0
8.084,4088.75,9.1175,2.5,10.49,-1.25,0.0
8.095,4071.25,9.125,-6.25,10.96875,-1.25,0.0
8.105,4100.0,9.12125,2.5,11.085,-1.25,0.0
8.115,4097.5,9.13125,31.25,10.9625,-1.25,0.0
8.125,4097.5,9.137500000000001,0.0,10.88,-1.25,0.0
8.136,4097.5,9.137500000000001,-22.5,10.57875,0.0,0.00125
8.146,4106.25,9.1325,2.5,10.35125,0.0,0.00125
8.156,4095.0,9.13125,-3.75,10.96,0.0,0.00125
8.167,4098.75,9.14125,0.0,10.95875,0.0,0.00125
8.177,4097.5,9.13125,0.0,10.95375,0.0,0.00125
8.187,4097.5,9.13125,3.75,10.615,0.0,0.0
8.198,4110.0,9.13125,-5.0,10.39875,0.0,0.0
8.208,4116.25,9.133750000000001,-1.25,10.97625,0.0,0.0
8.218,4087.5,9.13125,1.25,10.96875,0.0,0.0
8.228,4077.5,9.1325,-2.5,10.95125,0.0,0.0
8.239,4077.5,9.1325,-6.25,10.61125,1.25,0.00375
8.249,4100.0,9.135,0.0,10.4,1.25,0.00375
8.259,4105.0,9.13,-1.25,10.95625,1.25,0.00375
8.269,4103.75,9.1275,-2.5,11.043750000000001,1.25,0.00375
8.280,4103.75,9.133750000000001,-3.75,10.97625,1.25,0.00375
8.290,4103.75,9.133750000000001,-16.25,10.6675,0.0,0.00125
8.300,4108.75,9.12875,-10.0,10.5025,0.0,0.00125
8.311,4087.5,9.12875,-3.75,11.01,0.0,0.00125
8.321,4065.0,9.12875,-2.5,10.89875,0.0,0.00125
8.331,4020.0,9.13125,-2.5,10.9875,0.0,0.00125
8.341,4102.5,9.12625,2.5,10.75125,0.0,0.00125
8.351,4107.5,9.120000000000001,0.0,10.53125,0.0,0.00125
8.362,4080.0,9.12375,0.0,10.88,0.0,0.00125
8.372,4083.75,9.14,-3.75,10.77,0.0,0.00125
8.383,4108.75,9.1275,-5.0,10.96,0.0,0.00125
8.393,4091.25,9.1275,1.25,10.7025,0.0,0.00125
8.403,4093.75,9.12875,0.0,10.18625,0.0,0.00125
8.413,4051.25,9.12625,1.25,10.365,0.0,0.00125
8.424,4023.75,9.11875,-5.0,10.97625,0.0,0.00125
8.434,4093.75,9.133750000000001,2.5,10.95625,0.0,0.00125
8.445,4103.75,9.13,1.25,10.82875,0.0,0.005
8.455,4095.0,9.13125,0.0,10.4975,0.0,0.005
8.465,4092.5,9.12875,-3.75,10.415000000000001,0.0,0.005
8.476,4110.0,9.1275,0.0,10.963750000000001,0.0,0.005
8.486,4096.25,9.1325,0.0,10.963750000000001,-1.25,0.0025
8.496,4078.75,9.137500000000001,0.0,10.83375,-1.25,0.0025
8.506,4086.25,9.137500000000001,-1.25,10.435,-1.25,0.0025
8.517,4077.5,9.1325,43.75,10.96625,-1.25,0.0025
8.527,4107.5,9.125,0.0,10.97,-1.25,0.0025
8.537,4123.75,9.13625,0.0,10.97,0.0,0.005
8.548,4097.5,9.1325,2.5,10.932500000000001,0.0,0.005
8.558,4043.75,9.12625,0.0,10.57625,0.0,0.005
8.568,4068.75,9.14125,1.25,10.977500000000001,0.0,0.005
8.579,4098.75,9.1325,1.25,10.977500000000001,0.0,0.005
8.589,4030.0,9.14,7.5,10.963750000000001,0.0,0.00375
8.599,4006.25,9.1325,-8.75,10.76125,0.0,0.00375
8.610,4058.75,9.13125,1.25,10.526250000000001,0.0,0.00375
8.620,4087.5,9.137500000000001,1.25,10.526250000000001,0.0,0.00375
8.630,4095.0,9.137500000000001,2496.25,10.2975,0.0,0.00375
8.641,3972.5,9.1325,4052.5,10.05125,0.0,0.0025
8.651,3935.0,9.1225,3920.0,10.22,0.0,0.0025
8.661,4102.5,9.133750000000001,3576.25,9.66,0.0,0.0025
8.672,4112.5,9.11625,3595.0,10.065,0.0,0.0025
8.682,4112.5,9.11625,3842.5,10.015,0.0,0.0025
8.692,3932.5,9.12875,4330.0,9.963750000000001,-1.25,0.00125
8.702,3938.75,9.13,3731.25,10.005,-1.25,0.00125
8.713,4103.75,9.12875,3071.25,9.86875,-1.25,0.00125
8.723,4103.75,9.12875,3395.0,9.981250000000001,-1.25,0.00125
8.733,4002.5,9.13875,3395.0,9.981250000000001,-1.25,0.00125
8.743,4103.75,9.125,4197.5,10.35,0.0,0.0
8.754,4103.75,9.125,4398.75,9.9875,0.0,0.0
8.764,3803.75,9.1325,3052.5,9.965,0.0,0.0
8.774,4115.0,9.14,4395.0,9.9675,0.0,0.0
8.785,4098.75,9.1225,3557.5,9.963750000000001,0.0,0.005
8.795,4011.25,9.13,4368.75,9.76,0.0,0.005
8.807,4022.5,9.12875,4385.0,9.955,0.0,0.005
8.817,4103.75,9.1325,3941.25,9.9575,0.0,0.005
8.827,4101.25,9.1325,4077.5,9.96125,0.0,0.005
8.838,3962.5,9.1275,4427.5,9.98625,-1.25,0.00625
8.848,3973.75,9.125,3626.25,9.963750000000001,-1.25,0.00625
8.858,4096.25,9.120000000000001,4372.5,9.11375,-1.25,0.00625
8.869,4107.5,9.13,4372.5,9.11375,-1.25,0.00625
8.879,4111.25,9.12375,3898.75,10.65875,-1.25,0.00625
8.889,4040.0,9.13875,3898.75,10.65875,-1.25,0.0025
8.900,4028.75,9.12875,-6.25,10.87625,-1.25,0.0025
8.910,4020.0,9.13125,-8.75,10.935,-1.25,0.0025
8.920,4098.75,9.14375,-2.5,10.96,-1.25,0.0025
8.931,4092.5,9.125,0.0,10.8325,-1.25,0.0025
8.941,4010.0,9.12875,0.0,10.8325,-1.25,0.0025
8.951,4092.5,9.137500000000001,-2.5,10.9525,-1.25,0.0025
8.961,4107.5,9.135,0.0,10.965,-1.25,0.0025
8.972,4096.25,9.1175,3.75,10.97375,-1.25,0.0025
8.982,4085.0,9.13125,0.0,10.77,-1.25,0.0025
8.992,4101.25,9.1325,-6.25,10.50625,-1.25,0.0
9.002,4103.75,9.13625,33.75,10.3225,-1.25,0.0
9.013,4097.5,9.14125,0.0,10.96875,-1.25,0.0
9.023,4095.0,9.135,-2.5,10.9575,-1.25,0.0
9.033,4097.5,9.1275,-2.5,10.9575,-1.25,0.0
9.044,4111.25,9.13,-23.75,10.52875,-1.25,0.0
9.054,4107.5,9.120000000000001,-12.5,10.36375,-1.25,0.0
9.064,4092.5,9.13625,-1.25,10.97125,-1.25,0.0
9.074,4063.75,9.13,3.75,10.9625,-1.25,0.0
9.085,4080.0,9.13125,-13.75,10.835,-1.25,0.0
9.095,4091.25,9.14875,-13.75,10.835,0.0,0.005
9.105,4078.75,9.14,-20.0,10.3825,0.0,0.005
9.115,4093.75,9.1325,8.75,10.977500000000001,0.0,0.005
9.126,4087.5,9.1325,1.25,10.97125,0.0,0.005
9.136,4087.5,9.1325,-8.75,10.8275,0.0,0.0025
9.146,4083.75,9.14375,0.0,10.6175,0.0,0.0025
9.157,4101.25,9.133750000000001,-2.5,10.45125,0.0,0.0025
9.167,4098.75,9.12875,1.25,11.0175,0.0,0.0025
9.177,4046.25,9.12875,1.25,10.93125,0.0,0.0025
9.188,4100.0,9.13,-6.25,10.91625,-1.25,0.0
9.198,4091.25,9.11875,-6.25,10.78375,-1.25,0.0
9.208,4103.75,9.13125,2.5,10.56625,-1.25,0.0
9.218,4110.0,9.133750000000001,-1.25,10.97875,-1.25,0.0
9.229,4103.75,9.133750000000001,1.25,10.887500000000001,-1.25,0.0
9.239,4103.75,9.133750000000001,7.5,10.9525,0.0,0.0025
9.249,4107.5,9.12875,1.25,10.7575,0.0,0.0025
9.259,4078.75,9.13875,-1.25,10.57875,0.0,0.0025
9.270,4013.75,9.12875,-1.25,10.07625,0.0,0.0025
9.280,4002.5,9.14,1.25,10.963750000000001,0.0,0.0025
9.290,4002.5,9.14,-160.0,10.96875,-1.25,0.00125
9.301,4101.25,9.135,-1.25,10.85,-1.25,0.00125
9.311,4075.0,9.1325,-1.25,10.61375,-1.25,0.00125
9.321,4113.75,9.135,-2.5,10.35,-1.25,0.00125
9.331,4100.0,9.13125,-3.75,10.94375,-1.25,0.00125
9.341,4100.0,9.13125,-17.5,10.94875,0.0,0.00125
9.352,4066.25,9.13125,-1.25,10.6625,0.0,0.00125
9.362,4093.75,9.13,-1.25,10.705,0.0,0.00125
9.372,4106.25,9.135,0.0,10.36375,0.0,0.00125
9.383,4092.5,9.13125,0.0,10.95375,0.0,0.00125
9.393,4105.0,9.120000000000001,-5.0,10.9625,-1.25,0.0025
9.403,4090.0,9.12375,-1.25,10.79625,-1.25,0.0025
9.413,4097.5,9.13625,-1.25,10.51375,-1.25,0.0025
9.424,4031.25,9.13125,0.0,10.74,-1.25,0.0025
9.434,4092.5,9.13875,21.25,10.95625,-1.25,0.0
9.444,4082.5,9.125,-1.25,10.965,-1.25,0.0
9.454,4087.5,9.1325,-1.25,10.87625,-1.25,0.0
9.465,4085.0,9.11625,0.0,10.3625,-1.25,0.0
9.475,4116.25,9.12875,-3.75,10.37125,-1.25,0.0
9.485,4098.75,9.12125,2417.5,10.17375,-1.25,0.0
9.495,4096.25,9.11625,4036.25,10.04125,-1.25,0.0
9.506,4088.75,9.14375,3883.75,10.09625,-1.25,0.0
9.516,3772.5,9.1275,3516.25,10.30875,-1.25,0.0
9.526,3903.75,9.12625,2957.5,9.86375,-1.25,0.0
9.536,4101.25,9.133750000000001,3391.25,10.00375,0.0,0.0
9.547,4061.25,9.135,3391.25,10.00375,0.0,0.0
9.557,4053.75,9.133750000000001,4343.75,9.97375,0.0,0.0
9.567,4076.25,9.12875,3908.75,10.00125,0.0,0.0
9.578,4112.5,9.14625,3908.75,10.00125,0.0,0.0
9.588,4112.5,9.14625,4215.0,9.77125,0.0,0.0
9.598,3925.0,9.12375,3617.5,9.9425,0.0,0.0
9.609,4090.0,9.12875,4350.0,9.9825,0.0,0.0
9.619,3937.5,9.13,4338.75,9.97125,0.0,0.0
9.629,4091.25,9.13,3733.75,9.93375,0.0,0.0
9.640,4105.0,9.12375,3961.25,10.39625,1.25,0.00375
9.650,3990.0,9.135,4362.5,10.08125,1.25,0.00375
9.660,3841.25,9.13125,4361.25,9.98,1.25,0.00375
9.670,4098.75,9.13125,4381.25,10.03375,1.25,0.00375
9.681,4097.5,9.13875,4468.75,9.21125,1.25,0.00375
9.691,4090.0,9.1275,3293.75,9.9575,-1.25,0.0025
9.701,4095.0,9.12625,3925.0,9.96875,-1.25,0.0025
9.712,3762.5,9.135,4378.75,9.9675,-1.25,0.0025
9.722,4095.0,9.125,4410.0,10.03875,-1.25,0.0025
9.732,4085.0,9.135,4387.5,9.9725,-1.25,0.0025
9.742,4085.0,9.135,1767.5,11.012500000000001,0.0,0.00375
9.753,3948.75,9.13875,-6.25,10.9675,0.0,0.00375
9.763,4057.5,9.135,-1.25,10.955,0.0,0.00375
9.774,4110.0,9.133750000000001,-3.75,10.68625,0.0,0.00375
9.784,4081.25,9.13125,1.25,10.9575,0.0,0.00375
9.794,4081.25,9.13125,0.0,10.73875,-1.25,0.00375
9.804,4085.0,9.13625,2.5,10.48,-1.25,0.00375
9.815,4101.25,9.12625,3.75,10.71125,-1.25,0.00375
9.825,4101.25,9.137500000000001,12.5,10.94875,-1.25,0.00375
9.835,4098.75,9.12625,11.25,10.96125,-1.25,0.00375
9.846,4051.25,9.12125,0.0,10.86875,-1.25,0.00375
9.856,4073.75,9.13125,-1.25,10.51,-1.25,0.00375
9.866,4085.0,9.133750000000001,-2.5,10.432500000000001,-1.25,0.00375
9.877,4101.25,9.135,5.0,10.9675,-1.25,0.00375
9.887,4090.0,9.133750000000001,1.25,10.9625,-1.25,0.00375
9.897,4090.0,9.137500000000001,2.5,10.84125,1.25,0.005
9.908,4115.0,9.12875,-1.25,10.61375,1.25,0.005
9.918,4098.75,9.1325,-7.5,10.401250000000001,1.25,0.005
9.928,4101.25,9.1275,1.25,11.015,1.25,0.005
9.939,4101.25,9.125,1.25,11.015,1.25,0.0025
9.949,4060.0,9.1325,-3.75,10.90625,1.25,0.0025
9.959,4108.75,9.135,1.25,10.463750000000001,1.25,0.0025
9.970,4096.25,9.1275,-3.75,10.96625,1.25,0.0025
9.980,4078.75,9.125,-2.5,10.9725,1.25,0.0025
9.990,4028.75,9.12875,-2.5,10.9725,0.0,0.00125
10.001,4086.25,9.13,-2.5,10.9575,0.0,0.00125
10.011,4105.0,9.125,1.25,10.53125,0.0,0.00125
10.021,4088.75,9.13125,0.0,10.84125,0.0,0.00125
10.031,4088.75,9.14375,-1.25,10.95875,0.0,0.00125
10.042,4090.0,9.135,-1.25,10.95875,0.0,0.0
10.052,4100.0,9.13,6.25,10.82,0.0,0.0
10.062,4093.75,9.13875,-7.5,10.595,0.0,0.0
10.072,4095.0,9.135,1.25,10.3725,0.0,0.0
10.083,4027.5,9.13125,1.25,10.69875,0.0,0.0
10.093,4092.5,9.125,1.25,10.69875,-1.25,0.0025
10.103,4096.25,9.133750000000001,5.0,10.855,-1.25,0.0025
10.113,4088.75,9.14,-1.25,10.6875,-1.25,0.0025
10.124,4115.0,9.1225,0.0,10.41375,-1.25,0.0025
10.134,4082.5,9.135,-10.0,10.78,-1.25,0.0025
10.144,4090.0,9.13,-10.0,10.78,0.0,0.00625
10.154,4085.0,9.12625,0.0,10.883750000000001,0.0,0.00625
10.165,4072.5,9.13,1.25,10.6975,0.0,0.00625
10.175,4060.0,9.133750000000001,-1.25,10.481250000000001,0.0,0.00625
10.185,4076.25,9.1275,-10.0,10.9375,0.0,0.00625
10.196,4096.25,9.13125,-8.75,10.99625,-1.25,0.00375
10.206,4096.25,9.13125,-5.0,10.95625,-1.25,0.00375
10.216,4105.0,9.133750000000001,0.0,10.8125,-1.25,0.00375
10.226,4031.25,9.13,-1.25,10.515,-1.25,0.00375
10.236,4043.75,9.133750000000001,1.25,11.015,-1.25,0.00375
10.247,4082.5,9.12875,0.0,10.9975,0.0,0.005
10.257,4078.75,9.14375,1.25,10.95625,0.0,0.005
10.267,4092.5,9.13125,-2.5,10.83125,0.0,0.005
10.278,4085.0,9.12375,0.0,10.5825,0.0,0.005
10.288,4085.0,9.12375,-3.75,10.97125,0.0,0.005
10.298,4086.25,9.13125,0.0,10.95125,0.0,0.0075
10.308,4043.75,9.137500000000001,-2.5,10.97125,0.0,0.0075
10.319,4065.0,9.1325,-1.25,10.856250000000001,0.0,0.0075
10.329,4065.0,9.1325,-2.5,10.637500000000001,0.0,0.0075
10.339,4066.25,9.1275,-2.5,10.637500000000001,0.0,0.0075
10.350,4051.25,9.1325,3033.75,9.97125,-1.25,0.0
10.361,3902.5,9.133750000000001,4055.0,9.93375,-1.25,0.0
10.371,4023.75,9.1275,3937.5,9.895,-1.25,0.0
10.381,4088.75,9.1225,2478.75,9.505,-1.25,0.0
10.391,4088.75,9.1225,4038.75,10.15625,-1.25,0.005
10.402,3997.5,9.1325,4142.5,10.16625,-1.25,0.005
10.412,4061.25,9.135,4291.25,10.21625,-1.25,0.005
10.422,4088.75,9.137500000000001,4065.0,9.97875,-1.25,0.005
10.433,4097.5,9.12875,2761.25,9.91375,-1.25,0.005
10.443,4097.5,9.12875,4357.5,9.99125,-1.25,0.005
10.453,4018.75,9.137500000000001,4346.25,9.9875,-1.25,0.005
10.463,4091.25,9.12625,2896.25,9.96875,-1.25,0.005
10.474,3918.75,9.13125,4357.5,9.80125,-1.25,0.005
10.484,4041.25,9.1525,4340.0,9.99125,-1.25,0.005
10.494,4100.0,9.1275,4340.0,9.99125,0.0,0.00125
10.505,3985.0,9.133750000000001,3697.5,9.97875,0.0,0.00125
10.515,4098.75,9.120000000000001,4158.75,9.950000000000001,0.0,0.00125
10.525,4098.75,9.120000000000001,4343.75,9.93,0.0,0.00125
10.536,3872.5,9.137500000000001,4356.25,9.475,0.0,0.00125
10.546,4082.5,9.12625,2950.0,9.745000000000001,0.0,0.00375
10.556,4096.25,9.11875,3416.25,9.81625,0.0,0.00375
10.567,4010.0,9.11875,3527.5,9.97625,0.0,0.00375
10.577,3942.5,9.133750000000001,4375.0,9.96,0.0,0.00375
10.588,4091.25,9.12875,4366.25,9.7925,-1.25,0.005
10.598,4091.25,9.1225,2987.5,9.71625,-1.25,0.005
10.608,4100.0,9.135,-53.75,10.981250000000001,-1.25,0.005
10.618,4072.5,9.12125,0.0,10.97375,-1.25,0.005
10.629,4091.25,9.13,0.0,10.95875,-1.25,0.005
10.639,4091.25,9.13,0.0,11.00125,1.25,0.0025
10.649,4087.5,9.12625,-11.25,10.805,1.25,0.0025
10.660,4097.5,9.13625,0.0,10.64,1.25,0.0025
10.670,4032.5,9.137500000000001,-2.5,9.73625,1.25,0.0025
10.680,4016.25,9.135,-2.5,10.89625,1.25,0.0025
10.691,4086.25,9.13875,5.0,11.05125,1.25,0.00625
10.701,4096.25,9.145,-8.75,10.9525,1.25,0.00625
10.711,4086.25,9.13625,-3.75,10.71875,1.25,0.00625
10.721,4102.5,9.13625,-1.25,10.71875,1.25,0.00625
10.732,4086.25,9.13625,1.25,10.963750000000001,1.25,0.00625
10.742,4086.25,9.13625,-13.75,10.955,0.0,0.0025
10.752,4086.25,9.13125,-2.5,11.015,0.0,0.0025
10.763,4090.0,9.13125,-1.25,10.76,0.0,0.0025
10.773,4022.5,9.12875,2.5,10.50375,0.0,0.0025
10.783,4086.25,9.14625,-3.75,10.97125,0.0,0.0025
10.794,4086.25,9.14625,-6.25,10.96125,0.0,0.00375
10.804,4066.25,9.13125,-1.25,10.95625,0.0,0.00375
10.814,4057.5,9.135,0.0,10.7425,0.0,0.00375
10.824,4098.75,9.13125,10.0,10.41125,0.0,0.00375
10.835,4093.75,9.14125,10.0,10.41125,0.0,0.00375
10.845,4091.25,9.13625,1.25,10.963750000000001,0.0,0.00125
10.855,4082.5,9.137500000000001,-2.5,10.88875,0.0,0.00125
10.866,4060.0,9.13875,-3.75,10.6175,0.0,0.00125
10.876,4095.0,9.1225,5.0,10.3775,0.0,0.00125
10.886,4085.0,9.1325,5.0,10.3775,0.0,0.00125
10.896,4106.25,9.12875,0.0,10.91,-1.25,0.0
10.907,4088.75,9.133750000000001,-1.25,11.026250000000001,-1.25,0.0
10.917,4086.25,9.13875,7.5,10.61625,-1.25,0.0
10.927,4107.5,9.125,0.0,10.42125,-1.25,0.0
10.937,4085.0,9.1225,0.0,10.42125,-1.25,0.0
10.948,4038.75,9.14,-1.25,10.9375,-1.25,0.00375
10.958,4066.25,9.13125,-1.25,10.95125,-1.25,0.00375
10.968,4090.0,9.133750000000001,-31.25,10.71625,-1.25,0.00375
10.979,4096.25,9.12875,-10.0,10.495000000000001,-1.25,0.00375
10.989,4087.5,9.13125,-10.0,10.495000000000001,-1.25,0.00375
10.999,4092.5,9.12875,-2.5,10.95375,0.0,0.0
11.009,4101.25,9.120000000000001,-10.0,10.9425,0.0,0.0
11.020,4093.75,9.12125,-7.5,10.7575,0.0,0.0
11.030,4085.0,9.120000000000001,-3.75,10.525,0.0,0.0
11.040,4077.5,9.133750000000001,-3.75,10.525,0.0,0.0
11.050,4081.25,9.12625,-1.25,10.96125,0.0,0.0
11.061,4112.5,9.12125,1.25,10.9575,0.0,0.0
11.071,4088.75,9.135,0.0,10.85375,0.0,0.0
11.081,4101.25,9.14375,-1.25,10.57625,0.0,0.0
11.091,4096.25,9.137500000000001,-1.25,10.57625,0.0,0.0025
11.102,4091.25,9.125,-2.5,10.96875,0.0,0.0025
11.112,4092.5,9.1225,-20.0,10.963750000000001,0.0,0.0025
11.122,4107.5,9.137500000000001,-5.0,10.90375,0.0,0.0025
11.133,4093.75,9.1275,0.0,10.543750000000001,0.0,0.0025
11.143,4081.25,9.1425,0.0,10.543750000000001,-1.25,0.0
11.153,4077.5,9.135,-7.5,11.026250000000001,-1.25,0.0
11.163,4081.25,9.1275,1.25,10.96,-1.25,0.0
11.174,4086.25,9.1225,-7.5,10.9375,-1.25,0.0
11.184,4107.5,9.14,1.25,10.555,-1.25,0.0
11.195,4067.5,9.12375,1.25,10.555,-1.25,0.0
11.205,4081.25,9.133750000000001,-16.25,10.7175,-1.25,0.0
11.215,4087.5,9.13875,3198.75,10.0825,-1.25,0.0
11.225,4087.5,9.13875,4058.75,10.06375,-1.25,0.0
11.236,3823.75,9.1275,3718.75,9.86,-1.25,0.0
11.246,4070.0,9.12875,3780.0,10.0625,1.25,0.00625
11.256,4092.5,9.11125,3675.0,10.02,1.25,0.00625
11.266,3910.0,9.14375,4217.5,10.05625,1.25,0.00625
11.277,3871.25,9.1325,4298.75,9.515,1.25,0.00625
11.287,3997.5,9.13125,4230.0,9.92375,1.25,0.00625
11.297,3997.5,9.13125,3732.5,9.9675,0.0,0.0025
11.308,4087.5,9.1,4367.5,10.30375,0.0,0.0025
11.318,4006.25,9.1275,4367.5,10.30375,0.0,0.0025
11.328,3967.5,9.13,4293.75,9.97,0.0,0.0025
11.339,4095.0,9.13125,4070.0,10.21875,0.0,0.0025
11.349,3793.75,9.1325,4405.0,9.6425,0.0,0.0
11.359,3967.5,9.133750000000001,4373.75,9.8775,0.0,0.0
11.370,4085.0,9.13625,3423.75,9.615,0.0,0.0
11.380,4067.5,9.137500000000001,3093.75,9.9575,0.0,0.0
11.390,3980.0,9.14,3093.75,9.9575,0.0,0.0
11.401,4092.5,9.11625,4407.5,9.975,0.0,0.0
11.411,4087.5,9.11875,4235.0,9.98375,0.0,0.0
11.421,4093.75,9.12375,4338.75,9.96625,0.0,0.0
11.431,4100.0,9.1275,4360.0,9.963750000000001,0.0,0.0
11.442,3906.25,9.1325,4360.0,9.963750000000001,0.0,0.00375
11.452,4106.25,9.1325,3221.25,9.95125,0.0,0.00375
11.462,4077.5,9.12375,1393.75,10.97625,0.0,0.00375
11.473,4078.75,9.13,0.0,10.95875,0.0,0.00375
11.483,4077.5,9.1275,-1.25,10.575000000000001,0.0,0.00375
11.494,3971.25,9.1325,0.0,10.9625,0.0,0.00375
11.504,4093.75,9.1175,3.75,10.9525,0.0,0.00375
11.514,4073.75,9.12875,0.0,10.77875,0.0,0.00375
11.525,4082.5,9.14875,-1.25,10.555,0.0,0.00375
11.535,4088.75,9.13875,0.0,10.8975,0.0,0.00375
11.545,4108.75,9.14125,-12.5,10.9575,0.0,0.0025
11.556,4093.75,9.13125,1.25,10.9575,0.0,0.0025
11.566,4077.5,9.12875,-1.25,10.856250000000001,0.0,0.0025
11.576,4086.25,9.133750000000001,-2.5,10.5525,0.0,0.0025
11.586,4086.25,9.133750000000001,55.0,10.99375,0.0,0.0025
11.597,4106.25,9.12625,0.0,10.89375,0.0,0.0
11.607,4110.0,9.13,-1.25,10.9575,0.0,0.0
11.618,4097.5,9.1275,0.0,10.785,0.0,0.0
